task,precision,recall,f1,number,accuracy,validation_corpus,validation_duration,language,corpus,subset,tokens,sentences,model_id,model_languages,model_corpora
LOC,0.8780487804878049,0.8734426229508196,0.8757396449704142,1525.0,,ner_study/corpora/ancora/ancora_es_validation.feather,40.511059,es,ancora,ancora-es-2.0,81226,2603,32872,"ar, ca, cs, de, en, es, fi, fr, hu, it, nl, pt, zh","ancora, aqmar, cnec2.0, conll, emerging, europeana, finer, germeval2014, harem, hipe, kind, nerkor, ontonotes, sonar"
MISC,0.7918313570487484,0.7856209150326797,0.7887139107611548,765.0,,ner_study/corpora/ancora/ancora_es_validation.feather,40.511059,es,ancora,ancora-es-2.0,81226,2603,32872,"ar, ca, cs, de, en, es, fi, fr, hu, it, nl, pt, zh","ancora, aqmar, cnec2.0, conll, emerging, europeana, finer, germeval2014, harem, hipe, kind, nerkor, ontonotes, sonar"
ORG,0.9005343197698314,0.9098837209302325,0.9051848791571988,2408.0,,ner_study/corpora/ancora/ancora_es_validation.feather,40.511059,es,ancora,ancora-es-2.0,81226,2603,32872,"ar, ca, cs, de, en, es, fi, fr, hu, it, nl, pt, zh","ancora, aqmar, cnec2.0, conll, emerging, europeana, finer, germeval2014, harem, hipe, kind, nerkor, ontonotes, sonar"
PER,0.9616639477977161,0.9624489795918367,0.9620563035495716,2450.0,,ner_study/corpora/ancora/ancora_es_validation.feather,40.511059,es,ancora,ancora-es-2.0,81226,2603,32872,"ar, ca, cs, de, en, es, fi, fr, hu, it, nl, pt, zh","ancora, aqmar, cnec2.0, conll, emerging, europeana, finer, germeval2014, harem, hipe, kind, nerkor, ontonotes, sonar"
overall,0.9051808406647116,0.9068270844991606,0.9060032147599414,,0.9900923009303347,ner_study/corpora/ancora/ancora_es_validation.feather,40.511059,es,ancora,ancora-es-2.0,81226,2603,32872,"ar, ca, cs, de, en, es, fi, fr, hu, it, nl, pt, zh","ancora, aqmar, cnec2.0, conll, emerging, europeana, finer, germeval2014, harem, hipe, kind, nerkor, ontonotes, sonar"
LOC,0.911988582302569,0.9012693935119888,0.9065973043272642,2127.0,,ner_study/corpora/ancora/ancora_ca_validation.feather,41.150347,ca,ancora,ancora-ca-2.0,81195,2472,32872,"ar, ca, cs, de, en, es, fi, fr, hu, it, nl, pt, zh","ancora, aqmar, cnec2.0, conll, emerging, europeana, finer, germeval2014, harem, hipe, kind, nerkor, ontonotes, sonar"
MISC,0.8213058419243986,0.7635782747603834,0.7913907284768212,939.0,,ner_study/corpora/ancora/ancora_ca_validation.feather,41.150347,ca,ancora,ancora-ca-2.0,81195,2472,32872,"ar, ca, cs, de, en, es, fi, fr, hu, it, nl, pt, zh","ancora, aqmar, cnec2.0, conll, emerging, europeana, finer, germeval2014, harem, hipe, kind, nerkor, ontonotes, sonar"
ORG,0.8970051132213295,0.9274924471299094,0.9119940586706277,2648.0,,ner_study/corpora/ancora/ancora_ca_validation.feather,41.150347,ca,ancora,ancora-ca-2.0,81195,2472,32872,"ar, ca, cs, de, en, es, fi, fr, hu, it, nl, pt, zh","ancora, aqmar, cnec2.0, conll, emerging, europeana, finer, germeval2014, harem, hipe, kind, nerkor, ontonotes, sonar"
PER,0.9466737064413939,0.9496822033898306,0.9481755684822847,1888.0,,ner_study/corpora/ancora/ancora_ca_validation.feather,41.150347,ca,ancora,ancora-ca-2.0,81195,2472,32872,"ar, ca, cs, de, en, es, fi, fr, hu, it, nl, pt, zh","ancora, aqmar, cnec2.0, conll, emerging, europeana, finer, germeval2014, harem, hipe, kind, nerkor, ontonotes, sonar"
overall,0.9048245037465492,0.9054196264141016,0.90512196725623,,0.9888074406873177,ner_study/corpora/ancora/ancora_ca_validation.feather,41.150347,ca,ancora,ancora-ca-2.0,81195,2472,32872,"ar, ca, cs, de, en, es, fi, fr, hu, it, nl, pt, zh","ancora, aqmar, cnec2.0, conll, emerging, europeana, finer, germeval2014, harem, hipe, kind, nerkor, ontonotes, sonar"
LOC,0.7322359396433471,0.8908544726301736,0.8037946092455956,2996.0,,ner_study/corpora/conll/deu.testb.feather,50.960142,de,conll,deu.testb,51943,3005,32872,"ar, ca, cs, de, en, es, fi, fr, hu, it, nl, pt, zh","ancora, aqmar, cnec2.0, conll, emerging, europeana, finer, germeval2014, harem, hipe, kind, nerkor, ontonotes, sonar"
MISC,0.6232394366197183,0.33459357277882795,0.4354243542435424,529.0,,ner_study/corpora/conll/deu.testb.feather,50.960142,de,conll,deu.testb,51943,3005,32872,"ar, ca, cs, de, en, es, fi, fr, hu, it, nl, pt, zh","ancora, aqmar, cnec2.0, conll, emerging, europeana, finer, germeval2014, harem, hipe, kind, nerkor, ontonotes, sonar"
ORG,0.589058524173028,0.7308602999210734,0.6523423740753787,1267.0,,ner_study/corpora/conll/deu.testb.feather,50.960142,de,conll,deu.testb,51943,3005,32872,"ar, ca, cs, de, en, es, fi, fr, hu, it, nl, pt, zh","ancora, aqmar, cnec2.0, conll, emerging, europeana, finer, germeval2014, harem, hipe, kind, nerkor, ontonotes, sonar"
PER,0.9040299127544661,0.93071000855432,0.9171759747102213,2338.0,,ner_study/corpora/conll/deu.testb.feather,50.960142,de,conll,deu.testb,51943,3005,32872,"ar, ca, cs, de, en, es, fi, fr, hu, it, nl, pt, zh","ancora, aqmar, cnec2.0, conll, emerging, europeana, finer, germeval2014, harem, hipe, kind, nerkor, ontonotes, sonar"
overall,0.7521497218007082,0.8342215988779804,0.7910626413086846,,0.9635682340142633,ner_study/corpora/conll/deu.testb.feather,50.960142,de,conll,deu.testb,51943,3005,32872,"ar, ca, cs, de, en, es, fi, fr, hu, it, nl, pt, zh","ancora, aqmar, cnec2.0, conll, emerging, europeana, finer, germeval2014, harem, hipe, kind, nerkor, ontonotes, sonar"
LOC,0.9669926650366748,0.9567583912912004,0.9618483052135582,3307.0,,ner_study/corpora/conll/conll2003_en_validation_iob.feather,55.098483,en,conll,validation,51362,3250,32872,"ar, ca, cs, de, en, es, fi, fr, hu, it, nl, pt, zh","ancora, aqmar, cnec2.0, conll, emerging, europeana, finer, germeval2014, harem, hipe, kind, nerkor, ontonotes, sonar"
MISC,0.9097888675623801,0.8848786558805227,0.897160883280757,1607.0,,ner_study/corpora/conll/conll2003_en_validation_iob.feather,55.098483,en,conll,validation,51362,3250,32872,"ar, ca, cs, de, en, es, fi, fr, hu, it, nl, pt, zh","ancora, aqmar, cnec2.0, conll, emerging, europeana, finer, germeval2014, harem, hipe, kind, nerkor, ontonotes, sonar"
ORG,0.8971553610503282,0.9131403118040089,0.9050772626931567,2694.0,,ner_study/corpora/conll/conll2003_en_validation_iob.feather,55.098483,en,conll,validation,51362,3250,32872,"ar, ca, cs, de, en, es, fi, fr, hu, it, nl, pt, zh","ancora, aqmar, cnec2.0, conll, emerging, europeana, finer, germeval2014, harem, hipe, kind, nerkor, ontonotes, sonar"
PER,0.9682487725040917,0.939047619047619,0.9534246575342467,3150.0,,ner_study/corpora/conll/conll2003_en_validation_iob.feather,55.098483,en,conll,validation,51362,3250,32872,"ar, ca, cs, de, en, es, fi, fr, hu, it, nl, pt, zh","ancora, aqmar, cnec2.0, conll, emerging, europeana, finer, germeval2014, harem, hipe, kind, nerkor, ontonotes, sonar"
overall,0.9409330323551542,0.9299126231641569,0.9353903693314632,,0.9818527693002504,ner_study/corpora/conll/conll2003_en_validation_iob.feather,55.098483,en,conll,validation,51362,3250,32872,"ar, ca, cs, de, en, es, fi, fr, hu, it, nl, pt, zh","ancora, aqmar, cnec2.0, conll, emerging, europeana, finer, germeval2014, harem, hipe, kind, nerkor, ontonotes, sonar"
LOC,0.8910944206008584,0.8535457348406988,0.8719160104986876,1946.0,,ner_study/corpora/conll/esp.testb.feather,25.913084,es,conll,esp.testb.txt,51533,1517,32872,"ar, ca, cs, de, en, es, fi, fr, hu, it, nl, pt, zh","ancora, aqmar, cnec2.0, conll, emerging, europeana, finer, germeval2014, harem, hipe, kind, nerkor, ontonotes, sonar"
MISC,0.707843137254902,0.6149914821124361,0.658158614402917,587.0,,ner_study/corpora/conll/esp.testb.feather,25.913084,es,conll,esp.testb.txt,51533,1517,32872,"ar, ca, cs, de, en, es, fi, fr, hu, it, nl, pt, zh","ancora, aqmar, cnec2.0, conll, emerging, europeana, finer, germeval2014, harem, hipe, kind, nerkor, ontonotes, sonar"
ORG,0.8450595924644367,0.9313559322033899,0.8861116710340657,2360.0,,ner_study/corpora/conll/esp.testb.feather,25.913084,es,conll,esp.testb.txt,51533,1517,32872,"ar, ca, cs, de, en, es, fi, fr, hu, it, nl, pt, zh","ancora, aqmar, cnec2.0, conll, emerging, europeana, finer, germeval2014, harem, hipe, kind, nerkor, ontonotes, sonar"
PER,0.9551282051282052,0.9802631578947368,0.9675324675324676,1216.0,,ner_study/corpora/conll/esp.testb.feather,25.913084,es,conll,esp.testb.txt,51533,1517,32872,"ar, ca, cs, de, en, es, fi, fr, hu, it, nl, pt, zh","ancora, aqmar, cnec2.0, conll, emerging, europeana, finer, germeval2014, harem, hipe, kind, nerkor, ontonotes, sonar"
overall,0.8696770046601318,0.8859060402684564,0.8777165098929615,,0.981572393141475,ner_study/corpora/conll/esp.testb.feather,25.913084,es,conll,esp.testb.txt,51533,1517,32872,"ar, ca, cs, de, en, es, fi, fr, hu, it, nl, pt, zh","ancora, aqmar, cnec2.0, conll, emerging, europeana, finer, germeval2014, harem, hipe, kind, nerkor, ontonotes, sonar"
LOC,0.6097674418604652,0.8664904163912757,0.7158067158067158,1513.0,,ner_study/corpora/conll/ned.testb.feather,87.474665,nl,conll,ned.testb.txt,68875,5195,32872,"ar, ca, cs, de, en, es, fi, fr, hu, it, nl, pt, zh","ancora, aqmar, cnec2.0, conll, emerging, europeana, finer, germeval2014, harem, hipe, kind, nerkor, ontonotes, sonar"
MISC,0.8544097060195986,0.6337833160263067,0.7277424483306836,2889.0,,ner_study/corpora/conll/ned.testb.feather,87.474665,nl,conll,ned.testb.txt,68875,5195,32872,"ar, ca, cs, de, en, es, fi, fr, hu, it, nl, pt, zh","ancora, aqmar, cnec2.0, conll, emerging, europeana, finer, germeval2014, harem, hipe, kind, nerkor, ontonotes, sonar"
ORG,0.8448168839230292,0.8086749851455733,0.8263509411050395,1683.0,,ner_study/corpora/conll/ned.testb.feather,87.474665,nl,conll,ned.testb.txt,68875,5195,32872,"ar, ca, cs, de, en, es, fi, fr, hu, it, nl, pt, zh","ancora, aqmar, cnec2.0, conll, emerging, europeana, finer, germeval2014, harem, hipe, kind, nerkor, ontonotes, sonar"
PER,0.9264150943396227,0.9651105651105651,0.945367027677497,2035.0,,ner_study/corpora/conll/ned.testb.feather,87.474665,nl,conll,ned.testb.txt,68875,5195,32872,"ar, ca, cs, de, en, es, fi, fr, hu, it, nl, pt, zh","ancora, aqmar, cnec2.0, conll, emerging, europeana, finer, germeval2014, harem, hipe, kind, nerkor, ontonotes, sonar"
overall,0.8059571286141576,0.7964285714285714,0.8011645193260654,,0.9799452505339578,ner_study/corpora/conll/ned.testb.feather,87.474665,nl,conll,ned.testb.txt,68875,5195,32872,"ar, ca, cs, de, en, es, fi, fr, hu, it, nl, pt, zh","ancora, aqmar, cnec2.0, conll, emerging, europeana, finer, germeval2014, harem, hipe, kind, nerkor, ontonotes, sonar"
LOC,0.7368421052631579,0.7368421052631579,0.7368421052631579,57.0,,ner_study/corpora/europeana/enp_DE.onb_validation.feather,0.052629,de,europeana,enp_DE.onb.txt,11223,3,32872,"ar, ca, cs, de, en, es, fi, fr, hu, it, nl, pt, zh","ancora, aqmar, cnec2.0, conll, emerging, europeana, finer, germeval2014, harem, hipe, kind, nerkor, ontonotes, sonar"
ORG,0.0,0.0,0.0,0.0,,ner_study/corpora/europeana/enp_DE.onb_validation.feather,0.052629,de,europeana,enp_DE.onb.txt,11223,3,32872,"ar, ca, cs, de, en, es, fi, fr, hu, it, nl, pt, zh","ancora, aqmar, cnec2.0, conll, emerging, europeana, finer, germeval2014, harem, hipe, kind, nerkor, ontonotes, sonar"
PER,0.7560975609756098,0.5740740740740741,0.6526315789473683,54.0,,ner_study/corpora/europeana/enp_DE.onb_validation.feather,0.052629,de,europeana,enp_DE.onb.txt,11223,3,32872,"ar, ca, cs, de, en, es, fi, fr, hu, it, nl, pt, zh","ancora, aqmar, cnec2.0, conll, emerging, europeana, finer, germeval2014, harem, hipe, kind, nerkor, ontonotes, sonar"
overall,0.73,0.6576576576576577,0.6919431279620853,,0.9307025986525506,ner_study/corpora/europeana/enp_DE.onb_validation.feather,0.052629,de,europeana,enp_DE.onb.txt,11223,3,32872,"ar, ca, cs, de, en, es, fi, fr, hu, it, nl, pt, zh","ancora, aqmar, cnec2.0, conll, emerging, europeana, finer, germeval2014, harem, hipe, kind, nerkor, ontonotes, sonar"
LOC,0.7674157303370787,0.7440087145969498,0.7555309734513274,1836.0,,ner_study/corpora/europeana/enp_FR.bnf_validation.feather,29.837083,fr,europeana,enp_FR.bnf.txt,30030,1778,32872,"ar, ca, cs, de, en, es, fi, fr, hu, it, nl, pt, zh","ancora, aqmar, cnec2.0, conll, emerging, europeana, finer, germeval2014, harem, hipe, kind, nerkor, ontonotes, sonar"
MISC,0.0,0.0,0.0,0.0,,ner_study/corpora/europeana/enp_FR.bnf_validation.feather,29.837083,fr,europeana,enp_FR.bnf.txt,30030,1778,32872,"ar, ca, cs, de, en, es, fi, fr, hu, it, nl, pt, zh","ancora, aqmar, cnec2.0, conll, emerging, europeana, finer, germeval2014, harem, hipe, kind, nerkor, ontonotes, sonar"
ORG,0.5473856209150327,0.634469696969697,0.5877192982456141,528.0,,ner_study/corpora/europeana/enp_FR.bnf_validation.feather,29.837083,fr,europeana,enp_FR.bnf.txt,30030,1778,32872,"ar, ca, cs, de, en, es, fi, fr, hu, it, nl, pt, zh","ancora, aqmar, cnec2.0, conll, emerging, europeana, finer, germeval2014, harem, hipe, kind, nerkor, ontonotes, sonar"
PER,0.821160409556314,0.8365785813630042,0.8287977953840854,1438.0,,ner_study/corpora/europeana/enp_FR.bnf_validation.feather,29.837083,fr,europeana,enp_FR.bnf.txt,30030,1778,32872,"ar, ca, cs, de, en, es, fi, fr, hu, it, nl, pt, zh","ancora, aqmar, cnec2.0, conll, emerging, europeana, finer, germeval2014, harem, hipe, kind, nerkor, ontonotes, sonar"
overall,0.7492260061919505,0.7638085218306154,0.7564469914040114,,0.9609400589584016,ner_study/corpora/europeana/enp_FR.bnf_validation.feather,29.837083,fr,europeana,enp_FR.bnf.txt,30030,1778,32872,"ar, ca, cs, de, en, es, fi, fr, hu, it, nl, pt, zh","ancora, aqmar, cnec2.0, conll, emerging, europeana, finer, germeval2014, harem, hipe, kind, nerkor, ontonotes, sonar"
LOC,0.7287581699346405,0.8415094339622642,0.7810858143607705,265.0,,ner_study/corpora/europeana/enp_DE.lft_validation.feather,1.308209,de,europeana,enp_DE.lft.txt,2727,78,32872,"ar, ca, cs, de, en, es, fi, fr, hu, it, nl, pt, zh","ancora, aqmar, cnec2.0, conll, emerging, europeana, finer, germeval2014, harem, hipe, kind, nerkor, ontonotes, sonar"
MISC,0.0,0.0,0.0,0.0,,ner_study/corpora/europeana/enp_DE.lft_validation.feather,1.308209,de,europeana,enp_DE.lft.txt,2727,78,32872,"ar, ca, cs, de, en, es, fi, fr, hu, it, nl, pt, zh","ancora, aqmar, cnec2.0, conll, emerging, europeana, finer, germeval2014, harem, hipe, kind, nerkor, ontonotes, sonar"
ORG,0.5064935064935064,0.42391304347826086,0.4615384615384615,92.0,,ner_study/corpora/europeana/enp_DE.lft_validation.feather,1.308209,de,europeana,enp_DE.lft.txt,2727,78,32872,"ar, ca, cs, de, en, es, fi, fr, hu, it, nl, pt, zh","ancora, aqmar, cnec2.0, conll, emerging, europeana, finer, germeval2014, harem, hipe, kind, nerkor, ontonotes, sonar"
PER,0.5769230769230769,0.5813953488372093,0.5791505791505792,129.0,,ner_study/corpora/europeana/enp_DE.lft_validation.feather,1.308209,de,europeana,enp_DE.lft.txt,2727,78,32872,"ar, ca, cs, de, en, es, fi, fr, hu, it, nl, pt, zh","ancora, aqmar, cnec2.0, conll, emerging, europeana, finer, germeval2014, harem, hipe, kind, nerkor, ontonotes, sonar"
overall,0.6480769230769231,0.6934156378600823,0.6699801192842942,,0.8866313309776207,ner_study/corpora/europeana/enp_DE.lft_validation.feather,1.308209,de,europeana,enp_DE.lft.txt,2727,78,32872,"ar, ca, cs, de, en, es, fi, fr, hu, it, nl, pt, zh","ancora, aqmar, cnec2.0, conll, emerging, europeana, finer, germeval2014, harem, hipe, kind, nerkor, ontonotes, sonar"
LOC,0.5707964601769911,0.8805460750853242,0.6926174496644296,293.0,,ner_study/corpora/europeana/enp_NL.kb_validation.feather,1.080353,nl,europeana,enp_NL.kb.txt,29917,59,32872,"ar, ca, cs, de, en, es, fi, fr, hu, it, nl, pt, zh","ancora, aqmar, cnec2.0, conll, emerging, europeana, finer, germeval2014, harem, hipe, kind, nerkor, ontonotes, sonar"
MISC,0.0,0.0,0.0,0.0,,ner_study/corpora/europeana/enp_NL.kb_validation.feather,1.080353,nl,europeana,enp_NL.kb.txt,29917,59,32872,"ar, ca, cs, de, en, es, fi, fr, hu, it, nl, pt, zh","ancora, aqmar, cnec2.0, conll, emerging, europeana, finer, germeval2014, harem, hipe, kind, nerkor, ontonotes, sonar"
ORG,0.3488372093023256,0.30612244897959184,0.32608695652173914,49.0,,ner_study/corpora/europeana/enp_NL.kb_validation.feather,1.080353,nl,europeana,enp_NL.kb.txt,29917,59,32872,"ar, ca, cs, de, en, es, fi, fr, hu, it, nl, pt, zh","ancora, aqmar, cnec2.0, conll, emerging, europeana, finer, germeval2014, harem, hipe, kind, nerkor, ontonotes, sonar"
PER,0.4074074074074074,0.6666666666666666,0.5057471264367817,66.0,,ner_study/corpora/europeana/enp_NL.kb_validation.feather,1.080353,nl,europeana,enp_NL.kb.txt,29917,59,32872,"ar, ca, cs, de, en, es, fi, fr, hu, it, nl, pt, zh","ancora, aqmar, cnec2.0, conll, emerging, europeana, finer, germeval2014, harem, hipe, kind, nerkor, ontonotes, sonar"
overall,0.5188216039279869,0.7769607843137255,0.6221786064769381,,0.9507229832572298,ner_study/corpora/europeana/enp_NL.kb_validation.feather,1.080353,nl,europeana,enp_NL.kb.txt,29917,59,32872,"ar, ca, cs, de, en, es, fi, fr, hu, it, nl, pt, zh","ancora, aqmar, cnec2.0, conll, emerging, europeana, finer, germeval2014, harem, hipe, kind, nerkor, ontonotes, sonar"
LOC,0.6484149855907781,0.8928571428571429,0.7512520868113524,252.0,,ner_study/corpora/europeana/enp_DE.sbb_validation.feather,7.987996,de,europeana,enp_DE.sbb.txt,7270,477,32872,"ar, ca, cs, de, en, es, fi, fr, hu, it, nl, pt, zh","ancora, aqmar, cnec2.0, conll, emerging, europeana, finer, germeval2014, harem, hipe, kind, nerkor, ontonotes, sonar"
MISC,0.0,0.0,0.0,0.0,,ner_study/corpora/europeana/enp_DE.sbb_validation.feather,7.987996,de,europeana,enp_DE.sbb.txt,7270,477,32872,"ar, ca, cs, de, en, es, fi, fr, hu, it, nl, pt, zh","ancora, aqmar, cnec2.0, conll, emerging, europeana, finer, germeval2014, harem, hipe, kind, nerkor, ontonotes, sonar"
ORG,0.6178343949044586,0.6783216783216783,0.6466666666666666,143.0,,ner_study/corpora/europeana/enp_DE.sbb_validation.feather,7.987996,de,europeana,enp_DE.sbb.txt,7270,477,32872,"ar, ca, cs, de, en, es, fi, fr, hu, it, nl, pt, zh","ancora, aqmar, cnec2.0, conll, emerging, europeana, finer, germeval2014, harem, hipe, kind, nerkor, ontonotes, sonar"
PER,0.7619047619047619,0.8421052631578947,0.8,152.0,,ner_study/corpora/europeana/enp_DE.sbb_validation.feather,7.987996,de,europeana,enp_DE.sbb.txt,7270,477,32872,"ar, ca, cs, de, en, es, fi, fr, hu, it, nl, pt, zh","ancora, aqmar, cnec2.0, conll, emerging, europeana, finer, germeval2014, harem, hipe, kind, nerkor, ontonotes, sonar"
overall,0.6446991404011462,0.8226691042047533,0.7228915662650602,,0.9673805601317957,ner_study/corpora/europeana/enp_DE.sbb_validation.feather,7.987996,de,europeana,enp_DE.sbb.txt,7270,477,32872,"ar, ca, cs, de, en, es, fi, fr, hu, it, nl, pt, zh","ancora, aqmar, cnec2.0, conll, emerging, europeana, finer, germeval2014, harem, hipe, kind, nerkor, ontonotes, sonar"
LOC,0.8885298869143781,0.8898076577386302,0.8891683132746543,5563.0,,ner_study/corpora/germeval2014/NER-de-test.feather,86.454896,de,germeval2014,NER-de-test,96499,5100,32872,"ar, ca, cs, de, en, es, fi, fr, hu, it, nl, pt, zh","ancora, aqmar, cnec2.0, conll, emerging, europeana, finer, germeval2014, harem, hipe, kind, nerkor, ontonotes, sonar"
MISC,0.7071823204419889,0.6336633663366337,0.6684073107049607,1616.0,,ner_study/corpora/germeval2014/NER-de-test.feather,86.454896,de,germeval2014,NER-de-test,96499,5100,32872,"ar, ca, cs, de, en, es, fi, fr, hu, it, nl, pt, zh","ancora, aqmar, cnec2.0, conll, emerging, europeana, finer, germeval2014, harem, hipe, kind, nerkor, ontonotes, sonar"
ORG,0.8036053130929791,0.7644404332129964,0.7835337650323775,3324.0,,ner_study/corpora/germeval2014/NER-de-test.feather,86.454896,de,germeval2014,NER-de-test,96499,5100,32872,"ar, ca, cs, de, en, es, fi, fr, hu, it, nl, pt, zh","ancora, aqmar, cnec2.0, conll, emerging, europeana, finer, germeval2014, harem, hipe, kind, nerkor, ontonotes, sonar"
PER,0.9134948096885813,0.8987929433611885,0.9060842433697348,3231.0,,ner_study/corpora/germeval2014/NER-de-test.feather,86.454896,de,germeval2014,NER-de-test,96499,5100,32872,"ar, ca, cs, de, en, es, fi, fr, hu, it, nl, pt, zh","ancora, aqmar, cnec2.0, conll, emerging, europeana, finer, germeval2014, harem, hipe, kind, nerkor, ontonotes, sonar"
overall,0.8547155688622754,0.8314402213484783,0.8429172510518934,,0.9728938551915999,ner_study/corpora/germeval2014/NER-de-test.feather,86.454896,de,germeval2014,NER-de-test,96499,5100,32872,"ar, ca, cs, de, en, es, fi, fr, hu, it, nl, pt, zh","ancora, aqmar, cnec2.0, conll, emerging, europeana, finer, germeval2014, harem, hipe, kind, nerkor, ontonotes, sonar"
LOC,0.8023255813953488,0.92,0.8571428571428572,300.0,,ner_study/corpora/harem/harem_validation.feather,5.776947,pt,harem,HAREM,12941,342,32872,"ar, ca, cs, de, en, es, fi, fr, hu, it, nl, pt, zh","ancora, aqmar, cnec2.0, conll, emerging, europeana, finer, germeval2014, harem, hipe, kind, nerkor, ontonotes, sonar"
MISC,0.6893203883495146,0.6377245508982036,0.6625194401244169,334.0,,ner_study/corpora/harem/harem_validation.feather,5.776947,pt,harem,HAREM,12941,342,32872,"ar, ca, cs, de, en, es, fi, fr, hu, it, nl, pt, zh","ancora, aqmar, cnec2.0, conll, emerging, europeana, finer, germeval2014, harem, hipe, kind, nerkor, ontonotes, sonar"
ORG,0.6643835616438356,0.8016528925619835,0.7265917602996254,242.0,,ner_study/corpora/harem/harem_validation.feather,5.776947,pt,harem,HAREM,12941,342,32872,"ar, ca, cs, de, en, es, fi, fr, hu, it, nl, pt, zh","ancora, aqmar, cnec2.0, conll, emerging, europeana, finer, germeval2014, harem, hipe, kind, nerkor, ontonotes, sonar"
PER,0.851138353765324,0.8868613138686131,0.868632707774799,548.0,,ner_study/corpora/harem/harem_validation.feather,5.776947,pt,harem,HAREM,12941,342,32872,"ar, ca, cs, de, en, es, fi, fr, hu, it, nl, pt, zh","ancora, aqmar, cnec2.0, conll, emerging, europeana, finer, germeval2014, harem, hipe, kind, nerkor, ontonotes, sonar"
overall,0.771108179419525,0.8209269662921348,0.7952380952380952,,0.9628589088048547,ner_study/corpora/harem/harem_validation.feather,5.776947,pt,harem,HAREM,12941,342,32872,"ar, ca, cs, de, en, es, fi, fr, hu, it, nl, pt, zh","ancora, aqmar, cnec2.0, conll, emerging, europeana, finer, germeval2014, harem, hipe, kind, nerkor, ontonotes, sonar"
LOC,0.8063241106719368,0.7937743190661478,0.7999999999999999,514.0,,ner_study/corpora/hipe/HIPE-data-v1.4-test-de.feather,1.004054,de,hipe,HIPE-data-v1.4-test-de,30737,49,32872,"ar, ca, cs, de, en, es, fi, fr, hu, it, nl, pt, zh","ancora, aqmar, cnec2.0, conll, emerging, europeana, finer, germeval2014, harem, hipe, kind, nerkor, ontonotes, sonar"
MISC,0.5319148936170213,0.2808988764044944,0.3676470588235294,89.0,,ner_study/corpora/hipe/HIPE-data-v1.4-test-de.feather,1.004054,de,hipe,HIPE-data-v1.4-test-de,30737,49,32872,"ar, ca, cs, de, en, es, fi, fr, hu, it, nl, pt, zh","ancora, aqmar, cnec2.0, conll, emerging, europeana, finer, germeval2014, harem, hipe, kind, nerkor, ontonotes, sonar"
ORG,0.5,0.4457831325301205,0.4713375796178344,166.0,,ner_study/corpora/hipe/HIPE-data-v1.4-test-de.feather,1.004054,de,hipe,HIPE-data-v1.4-test-de,30737,49,32872,"ar, ca, cs, de, en, es, fi, fr, hu, it, nl, pt, zh","ancora, aqmar, cnec2.0, conll, emerging, europeana, finer, germeval2014, harem, hipe, kind, nerkor, ontonotes, sonar"
PER,0.5144508670520231,0.5798045602605864,0.5451761102603369,307.0,,ner_study/corpora/hipe/HIPE-data-v1.4-test-de.feather,1.004054,de,hipe,HIPE-data-v1.4-test-de,30737,49,32872,"ar, ca, cs, de, en, es, fi, fr, hu, it, nl, pt, zh","ancora, aqmar, cnec2.0, conll, emerging, europeana, finer, germeval2014, harem, hipe, kind, nerkor, ontonotes, sonar"
overall,0.6542502387774594,0.6366171003717472,0.6453132359868111,,0.9484630603677073,ner_study/corpora/hipe/HIPE-data-v1.4-test-de.feather,1.004054,de,hipe,HIPE-data-v1.4-test-de,30737,49,32872,"ar, ca, cs, de, en, es, fi, fr, hu, it, nl, pt, zh","ancora, aqmar, cnec2.0, conll, emerging, europeana, finer, germeval2014, harem, hipe, kind, nerkor, ontonotes, sonar"
LOC,0.9161931818181818,0.8799454297407913,0.8977035490605427,733.0,,ner_study/corpora/hipe/HIPE-data-v1.4-test-fr.feather,0.901458,fr,hipe,HIPE-data-v1.4-test-fr,40854,43,32872,"ar, ca, cs, de, en, es, fi, fr, hu, it, nl, pt, zh","ancora, aqmar, cnec2.0, conll, emerging, europeana, finer, germeval2014, harem, hipe, kind, nerkor, ontonotes, sonar"
MISC,0.5,0.07142857142857142,0.125,28.0,,ner_study/corpora/hipe/HIPE-data-v1.4-test-fr.feather,0.901458,fr,hipe,HIPE-data-v1.4-test-fr,40854,43,32872,"ar, ca, cs, de, en, es, fi, fr, hu, it, nl, pt, zh","ancora, aqmar, cnec2.0, conll, emerging, europeana, finer, germeval2014, harem, hipe, kind, nerkor, ontonotes, sonar"
ORG,0.46987951807228917,0.6964285714285714,0.5611510791366906,112.0,,ner_study/corpora/hipe/HIPE-data-v1.4-test-fr.feather,0.901458,fr,hipe,HIPE-data-v1.4-test-fr,40854,43,32872,"ar, ca, cs, de, en, es, fi, fr, hu, it, nl, pt, zh","ancora, aqmar, cnec2.0, conll, emerging, europeana, finer, germeval2014, harem, hipe, kind, nerkor, ontonotes, sonar"
PER,0.6576819407008087,0.7327327327327328,0.6931818181818182,333.0,,ner_study/corpora/hipe/HIPE-data-v1.4-test-fr.feather,0.901458,fr,hipe,HIPE-data-v1.4-test-fr,40854,43,32872,"ar, ca, cs, de, en, es, fi, fr, hu, it, nl, pt, zh","ancora, aqmar, cnec2.0, conll, emerging, europeana, finer, germeval2014, harem, hipe, kind, nerkor, ontonotes, sonar"
overall,0.7783132530120482,0.8034825870646766,0.7906976744186047,,0.9633515377982179,ner_study/corpora/hipe/HIPE-data-v1.4-test-fr.feather,0.901458,fr,hipe,HIPE-data-v1.4-test-fr,40854,43,32872,"ar, ca, cs, de, en, es, fi, fr, hu, it, nl, pt, zh","ancora, aqmar, cnec2.0, conll, emerging, europeana, finer, germeval2014, harem, hipe, kind, nerkor, ontonotes, sonar"
LOC,0.7172413793103448,0.7675276752767528,0.7415329768270945,271.0,,ner_study/corpora/hipe/HIPE-data-v1.4-test-en.feather,0.907173,en,hipe,HIPE-data-v1.4-test-en,16634,46,32872,"ar, ca, cs, de, en, es, fi, fr, hu, it, nl, pt, zh","ancora, aqmar, cnec2.0, conll, emerging, europeana, finer, germeval2014, harem, hipe, kind, nerkor, ontonotes, sonar"
MISC,0.0,0.0,0.0,30.0,,ner_study/corpora/hipe/HIPE-data-v1.4-test-en.feather,0.907173,en,hipe,HIPE-data-v1.4-test-en,16634,46,32872,"ar, ca, cs, de, en, es, fi, fr, hu, it, nl, pt, zh","ancora, aqmar, cnec2.0, conll, emerging, europeana, finer, germeval2014, harem, hipe, kind, nerkor, ontonotes, sonar"
ORG,0.184,0.22549019607843138,0.2026431718061674,102.0,,ner_study/corpora/hipe/HIPE-data-v1.4-test-en.feather,0.907173,en,hipe,HIPE-data-v1.4-test-en,16634,46,32872,"ar, ca, cs, de, en, es, fi, fr, hu, it, nl, pt, zh","ancora, aqmar, cnec2.0, conll, emerging, europeana, finer, germeval2014, harem, hipe, kind, nerkor, ontonotes, sonar"
PER,0.45145631067961167,0.4696969696969697,0.46039603960396047,198.0,,ner_study/corpora/hipe/HIPE-data-v1.4-test-en.feather,0.907173,en,hipe,HIPE-data-v1.4-test-en,16634,46,32872,"ar, ca, cs, de, en, es, fi, fr, hu, it, nl, pt, zh","ancora, aqmar, cnec2.0, conll, emerging, europeana, finer, germeval2014, harem, hipe, kind, nerkor, ontonotes, sonar"
overall,0.44021739130434784,0.5391014975041597,0.4846671652954375,,0.9308812350154961,ner_study/corpora/hipe/HIPE-data-v1.4-test-en.feather,0.907173,en,hipe,HIPE-data-v1.4-test-en,16634,46,32872,"ar, ca, cs, de, en, es, fi, fr, hu, it, nl, pt, zh","ancora, aqmar, cnec2.0, conll, emerging, europeana, finer, germeval2014, harem, hipe, kind, nerkor, ontonotes, sonar"
LOC,0.8476190476190476,0.8476190476190476,0.8476190476190476,1365.0,,ner_study/corpora/kind/WN_test.feather,35.33742,it,kind,WN,56519,2088,32872,"ar, ca, cs, de, en, es, fi, fr, hu, it, nl, pt, zh","ancora, aqmar, cnec2.0, conll, emerging, europeana, finer, germeval2014, harem, hipe, kind, nerkor, ontonotes, sonar"
MISC,0.0,0.0,0.0,0.0,,ner_study/corpora/kind/WN_test.feather,35.33742,it,kind,WN,56519,2088,32872,"ar, ca, cs, de, en, es, fi, fr, hu, it, nl, pt, zh","ancora, aqmar, cnec2.0, conll, emerging, europeana, finer, germeval2014, harem, hipe, kind, nerkor, ontonotes, sonar"
ORG,0.8426590148254424,0.8430622009569378,0.842860559674719,2090.0,,ner_study/corpora/kind/WN_test.feather,35.33742,it,kind,WN,56519,2088,32872,"ar, ca, cs, de, en, es, fi, fr, hu, it, nl, pt, zh","ancora, aqmar, cnec2.0, conll, emerging, europeana, finer, germeval2014, harem, hipe, kind, nerkor, ontonotes, sonar"
PER,0.9154411764705882,0.9576923076923077,0.9360902255639099,2340.0,,ner_study/corpora/kind/WN_test.feather,35.33742,it,kind,WN,56519,2088,32872,"ar, ca, cs, de, en, es, fi, fr, hu, it, nl, pt, zh","ancora, aqmar, cnec2.0, conll, emerging, europeana, finer, germeval2014, harem, hipe, kind, nerkor, ontonotes, sonar"
overall,0.8728010825439784,0.8904227782571182,0.8815238746049373,,0.9823205390416201,ner_study/corpora/kind/WN_test.feather,35.33742,it,kind,WN,56519,2088,32872,"ar, ca, cs, de, en, es, fi, fr, hu, it, nl, pt, zh","ancora, aqmar, cnec2.0, conll, emerging, europeana, finer, germeval2014, harem, hipe, kind, nerkor, ontonotes, sonar"
LOC,0.8146067415730337,0.8192090395480226,0.8169014084507042,177.0,,ner_study/corpora/kind/ADG_test.feather,8.775866,it,kind,ADG,13905,521,32872,"ar, ca, cs, de, en, es, fi, fr, hu, it, nl, pt, zh","ancora, aqmar, cnec2.0, conll, emerging, europeana, finer, germeval2014, harem, hipe, kind, nerkor, ontonotes, sonar"
MISC,0.0,0.0,0.0,0.0,,ner_study/corpora/kind/ADG_test.feather,8.775866,it,kind,ADG,13905,521,32872,"ar, ca, cs, de, en, es, fi, fr, hu, it, nl, pt, zh","ancora, aqmar, cnec2.0, conll, emerging, europeana, finer, germeval2014, harem, hipe, kind, nerkor, ontonotes, sonar"
ORG,0.7786885245901639,0.6129032258064516,0.6859205776173285,310.0,,ner_study/corpora/kind/ADG_test.feather,8.775866,it,kind,ADG,13905,521,32872,"ar, ca, cs, de, en, es, fi, fr, hu, it, nl, pt, zh","ancora, aqmar, cnec2.0, conll, emerging, europeana, finer, germeval2014, harem, hipe, kind, nerkor, ontonotes, sonar"
PER,0.9269662921348315,0.9166666666666666,0.9217877094972067,360.0,,ner_study/corpora/kind/ADG_test.feather,8.775866,it,kind,ADG,13905,521,32872,"ar, ca, cs, de, en, es, fi, fr, hu, it, nl, pt, zh","ancora, aqmar, cnec2.0, conll, emerging, europeana, finer, germeval2014, harem, hipe, kind, nerkor, ontonotes, sonar"
overall,0.850383631713555,0.7851239669421488,0.8164518109269491,,0.9830729820684113,ner_study/corpora/kind/ADG_test.feather,8.775866,it,kind,ADG,13905,521,32872,"ar, ca, cs, de, en, es, fi, fr, hu, it, nl, pt, zh","ancora, aqmar, cnec2.0, conll, emerging, europeana, finer, germeval2014, harem, hipe, kind, nerkor, ontonotes, sonar"
LOC,0.7741935483870968,0.6857142857142857,0.7272727272727272,70.0,,ner_study/corpora/kind/FIC_test.feather,25.519664,it,kind,FIC,27190,1517,32872,"ar, ca, cs, de, en, es, fi, fr, hu, it, nl, pt, zh","ancora, aqmar, cnec2.0, conll, emerging, europeana, finer, germeval2014, harem, hipe, kind, nerkor, ontonotes, sonar"
MISC,0.0,0.0,0.0,0.0,,ner_study/corpora/kind/FIC_test.feather,25.519664,it,kind,FIC,27190,1517,32872,"ar, ca, cs, de, en, es, fi, fr, hu, it, nl, pt, zh","ancora, aqmar, cnec2.0, conll, emerging, europeana, finer, germeval2014, harem, hipe, kind, nerkor, ontonotes, sonar"
ORG,0.0,0.0,0.0,1.0,,ner_study/corpora/kind/FIC_test.feather,25.519664,it,kind,FIC,27190,1517,32872,"ar, ca, cs, de, en, es, fi, fr, hu, it, nl, pt, zh","ancora, aqmar, cnec2.0, conll, emerging, europeana, finer, germeval2014, harem, hipe, kind, nerkor, ontonotes, sonar"
PER,0.9178082191780822,0.8463157894736842,0.8806133625410735,475.0,,ner_study/corpora/kind/FIC_test.feather,25.519664,it,kind,FIC,27190,1517,32872,"ar, ca, cs, de, en, es, fi, fr, hu, it, nl, pt, zh","ancora, aqmar, cnec2.0, conll, emerging, europeana, finer, germeval2014, harem, hipe, kind, nerkor, ontonotes, sonar"
overall,0.8737864077669902,0.8241758241758241,0.8482563619227144,,0.9964013704370117,ner_study/corpora/kind/FIC_test.feather,25.519664,it,kind,FIC,27190,1517,32872,"ar, ca, cs, de, en, es, fi, fr, hu, it, nl, pt, zh","ancora, aqmar, cnec2.0, conll, emerging, europeana, finer, germeval2014, harem, hipe, kind, nerkor, ontonotes, sonar"
LOC,0.9447513812154696,0.9325153374233128,0.9385934819897085,2934.0,,ner_study/corpora/nerkor/nerkor_validation.feather,114.379541,hu,nerkor,nerkor,103025,6752,32872,"ar, ca, cs, de, en, es, fi, fr, hu, it, nl, pt, zh","ancora, aqmar, cnec2.0, conll, emerging, europeana, finer, germeval2014, harem, hipe, kind, nerkor, ontonotes, sonar"
MISC,0.7357664233576642,0.7671232876712328,0.751117734724292,1314.0,,ner_study/corpora/nerkor/nerkor_validation.feather,114.379541,hu,nerkor,nerkor,103025,6752,32872,"ar, ca, cs, de, en, es, fi, fr, hu, it, nl, pt, zh","ancora, aqmar, cnec2.0, conll, emerging, europeana, finer, germeval2014, harem, hipe, kind, nerkor, ontonotes, sonar"
ORG,0.861996644295302,0.8950348432055749,0.8782051282051282,2296.0,,ner_study/corpora/nerkor/nerkor_validation.feather,114.379541,hu,nerkor,nerkor,103025,6752,32872,"ar, ca, cs, de, en, es, fi, fr, hu, it, nl, pt, zh","ancora, aqmar, cnec2.0, conll, emerging, europeana, finer, germeval2014, harem, hipe, kind, nerkor, ontonotes, sonar"
PER,0.9500287191269385,0.9443334284898658,0.9471725125268432,3503.0,,ner_study/corpora/nerkor/nerkor_validation.feather,114.379541,hu,nerkor,nerkor,103025,6752,32872,"ar, ca, cs, de, en, es, fi, fr, hu, it, nl, pt, zh","ancora, aqmar, cnec2.0, conll, emerging, europeana, finer, germeval2014, harem, hipe, kind, nerkor, ontonotes, sonar"
overall,0.8988353730754046,0.9064397332537075,0.9026215372416869,,0.989827566189926,ner_study/corpora/nerkor/nerkor_validation.feather,114.379541,hu,nerkor,nerkor,103025,6752,32872,"ar, ca, cs, de, en, es, fi, fr, hu, it, nl, pt, zh","ancora, aqmar, cnec2.0, conll, emerging, europeana, finer, germeval2014, harem, hipe, kind, nerkor, ontonotes, sonar"
LOC,0.9488551518168243,0.95623275645849,0.9525296689569019,7974.0,,ner_study/corpora/sonar/sonar_validation.feather,151.998989,nl,sonar,SoNaR-1,150339,8993,32872,"ar, ca, cs, de, en, es, fi, fr, hu, it, nl, pt, zh","ancora, aqmar, cnec2.0, conll, emerging, europeana, finer, germeval2014, harem, hipe, kind, nerkor, ontonotes, sonar"
MISC,0.8686457909719398,0.8600765049325548,0.8643399089529591,4967.0,,ner_study/corpora/sonar/sonar_validation.feather,151.998989,nl,sonar,SoNaR-1,150339,8993,32872,"ar, ca, cs, de, en, es, fi, fr, hu, it, nl, pt, zh","ancora, aqmar, cnec2.0, conll, emerging, europeana, finer, germeval2014, harem, hipe, kind, nerkor, ontonotes, sonar"
ORG,0.8648648648648649,0.9014084507042254,0.8827586206896552,2982.0,,ner_study/corpora/sonar/sonar_validation.feather,151.998989,nl,sonar,SoNaR-1,150339,8993,32872,"ar, ca, cs, de, en, es, fi, fr, hu, it, nl, pt, zh","ancora, aqmar, cnec2.0, conll, emerging, europeana, finer, germeval2014, harem, hipe, kind, nerkor, ontonotes, sonar"
PER,0.9445296523517382,0.9488957370313302,0.9467076607737638,3894.0,,ner_study/corpora/sonar/sonar_validation.feather,151.998989,nl,sonar,SoNaR-1,150339,8993,32872,"ar, ca, cs, de, en, es, fi, fr, hu, it, nl, pt, zh","ancora, aqmar, cnec2.0, conll, emerging, europeana, finer, germeval2014, harem, hipe, kind, nerkor, ontonotes, sonar"
overall,0.9151897466706719,0.9224403290104456,0.9188007338342841,,0.9873993809436354,ner_study/corpora/sonar/sonar_validation.feather,151.998989,nl,sonar,SoNaR-1,150339,8993,32872,"ar, ca, cs, de, en, es, fi, fr, hu, it, nl, pt, zh","ancora, aqmar, cnec2.0, conll, emerging, europeana, finer, germeval2014, harem, hipe, kind, nerkor, ontonotes, sonar"
LOC,0.9444444444444444,0.9473282442748091,0.9458841463414633,1310.0,,ner_study/corpora/finer/digitoday.2015.test.feather,58.903751,fi,finer,digitoday.2015.test,46363,3512,32872,"ar, ca, cs, de, en, es, fi, fr, hu, it, nl, pt, zh","ancora, aqmar, cnec2.0, conll, emerging, europeana, finer, germeval2014, harem, hipe, kind, nerkor, ontonotes, sonar"
MISC,0.8093170153967627,0.8026624902114331,0.8059760172989974,2554.0,,ner_study/corpora/finer/digitoday.2015.test.feather,58.903751,fi,finer,digitoday.2015.test,46363,3512,32872,"ar, ca, cs, de, en, es, fi, fr, hu, it, nl, pt, zh","ancora, aqmar, cnec2.0, conll, emerging, europeana, finer, germeval2014, harem, hipe, kind, nerkor, ontonotes, sonar"
ORG,0.890177690029615,0.9439937189217482,0.9162962022100851,3821.0,,ner_study/corpora/finer/digitoday.2015.test.feather,58.903751,fi,finer,digitoday.2015.test,46363,3512,32872,"ar, ca, cs, de, en, es, fi, fr, hu, it, nl, pt, zh","ancora, aqmar, cnec2.0, conll, emerging, europeana, finer, germeval2014, harem, hipe, kind, nerkor, ontonotes, sonar"
PER,0.8307134220072552,0.8751592356687898,0.8523573200992557,785.0,,ner_study/corpora/finer/digitoday.2015.test.feather,58.903751,fi,finer,digitoday.2015.test,46363,3512,32872,"ar, ca, cs, de, en, es, fi, fr, hu, it, nl, pt, zh","ancora, aqmar, cnec2.0, conll, emerging, europeana, finer, germeval2014, harem, hipe, kind, nerkor, ontonotes, sonar"
overall,0.869241347696539,0.8955135773317592,0.8821819027680856,,0.9794876299867131,ner_study/corpora/finer/digitoday.2015.test.feather,58.903751,fi,finer,digitoday.2015.test,46363,3512,32872,"ar, ca, cs, de, en, es, fi, fr, hu, it, nl, pt, zh","ancora, aqmar, cnec2.0, conll, emerging, europeana, finer, germeval2014, harem, hipe, kind, nerkor, ontonotes, sonar"
LOC,0.7150259067357513,0.5348837209302325,0.6119733924611973,258.0,,ner_study/corpora/emerging/emerging.test.annotated.feather,21.592875,en,emerging,emerging.test.annotated.conll,23394,1287,32872,"ar, ca, cs, de, en, es, fi, fr, hu, it, nl, pt, zh","ancora, aqmar, cnec2.0, conll, emerging, europeana, finer, germeval2014, harem, hipe, kind, nerkor, ontonotes, sonar"
MISC,0.5017064846416383,0.28994082840236685,0.36749999999999994,507.0,,ner_study/corpora/emerging/emerging.test.annotated.feather,21.592875,en,emerging,emerging.test.annotated.conll,23394,1287,32872,"ar, ca, cs, de, en, es, fi, fr, hu, it, nl, pt, zh","ancora, aqmar, cnec2.0, conll, emerging, europeana, finer, germeval2014, harem, hipe, kind, nerkor, ontonotes, sonar"
ORG,0.4568345323741007,0.27608695652173915,0.34417344173441733,460.0,,ner_study/corpora/emerging/emerging.test.annotated.feather,21.592875,en,emerging,emerging.test.annotated.conll,23394,1287,32872,"ar, ca, cs, de, en, es, fi, fr, hu, it, nl, pt, zh","ancora, aqmar, cnec2.0, conll, emerging, europeana, finer, germeval2014, harem, hipe, kind, nerkor, ontonotes, sonar"
PER,0.7094861660079052,0.37202072538860104,0.4881033310673011,965.0,,ner_study/corpora/emerging/emerging.test.annotated.feather,21.592875,en,emerging,emerging.test.annotated.conll,23394,1287,32872,"ar, ca, cs, de, en, es, fi, fr, hu, it, nl, pt, zh","ancora, aqmar, cnec2.0, conll, emerging, europeana, finer, germeval2014, harem, hipe, kind, nerkor, ontonotes, sonar"
overall,0.6070866141732284,0.35205479452054794,0.44566473988439304,,0.9430898408936181,ner_study/corpora/emerging/emerging.test.annotated.feather,21.592875,en,emerging,emerging.test.annotated.conll,23394,1287,32872,"ar, ca, cs, de, en, es, fi, fr, hu, it, nl, pt, zh","ancora, aqmar, cnec2.0, conll, emerging, europeana, finer, germeval2014, harem, hipe, kind, nerkor, ontonotes, sonar"
LOC,0.9237591411233858,0.9428299190090519,0.9331971078277272,6297.0,,ner_study/corpora/ontonotes/en_VALIDATION.feather,238.901048,en,ontonotes,VALIDATION_en,269914,14110,32872,"ar, ca, cs, de, en, es, fi, fr, hu, it, nl, pt, zh","ancora, aqmar, cnec2.0, conll, emerging, europeana, finer, germeval2014, harem, hipe, kind, nerkor, ontonotes, sonar"
MISC,0.797760924521488,0.8313887843432443,0.8142277921120531,2657.0,,ner_study/corpora/ontonotes/en_VALIDATION.feather,238.901048,en,ontonotes,VALIDATION_en,269914,14110,32872,"ar, ca, cs, de, en, es, fi, fr, hu, it, nl, pt, zh","ancora, aqmar, cnec2.0, conll, emerging, europeana, finer, germeval2014, harem, hipe, kind, nerkor, ontonotes, sonar"
ORG,0.8851674641148325,0.8961248654467169,0.8906124632254614,5574.0,,ner_study/corpora/ontonotes/en_VALIDATION.feather,238.901048,en,ontonotes,VALIDATION_en,269914,14110,32872,"ar, ca, cs, de, en, es, fi, fr, hu, it, nl, pt, zh","ancora, aqmar, cnec2.0, conll, emerging, europeana, finer, germeval2014, harem, hipe, kind, nerkor, ontonotes, sonar"
PER,0.8978685612788633,0.9466292134831461,0.9216043755697357,4272.0,,ner_study/corpora/ontonotes/en_VALIDATION.feather,238.901048,en,ontonotes,VALIDATION_en,269914,14110,32872,"ar, ca, cs, de, en, es, fi, fr, hu, it, nl, pt, zh","ancora, aqmar, cnec2.0, conll, emerging, europeana, finer, germeval2014, harem, hipe, kind, nerkor, ontonotes, sonar"
overall,0.8884350927984284,0.9140957446808511,0.9010827674802717,,0.9862867254027353,ner_study/corpora/ontonotes/en_VALIDATION.feather,238.901048,en,ontonotes,VALIDATION_en,269914,14110,32872,"ar, ca, cs, de, en, es, fi, fr, hu, it, nl, pt, zh","ancora, aqmar, cnec2.0, conll, emerging, europeana, finer, germeval2014, harem, hipe, kind, nerkor, ontonotes, sonar"
LOC,0.8127335441218742,0.8747099767981439,0.842583625121061,6465.0,,ner_study/corpora/ontonotes/zh_VALIDATION.feather,110.841655,zh,ontonotes,VALIDATION_zh,119229,6543,32872,"ar, ca, cs, de, en, es, fi, fr, hu, it, nl, pt, zh","ancora, aqmar, cnec2.0, conll, emerging, europeana, finer, germeval2014, harem, hipe, kind, nerkor, ontonotes, sonar"
MISC,0.6871987145152652,0.5882622650160477,0.6338932806324111,2181.0,,ner_study/corpora/ontonotes/zh_VALIDATION.feather,110.841655,zh,ontonotes,VALIDATION_zh,119229,6543,32872,"ar, ca, cs, de, en, es, fi, fr, hu, it, nl, pt, zh","ancora, aqmar, cnec2.0, conll, emerging, europeana, finer, germeval2014, harem, hipe, kind, nerkor, ontonotes, sonar"
ORG,0.7164821648216482,0.7639344262295082,0.7394477943509997,3050.0,,ner_study/corpora/ontonotes/zh_VALIDATION.feather,110.841655,zh,ontonotes,VALIDATION_zh,119229,6543,32872,"ar, ca, cs, de, en, es, fi, fr, hu, it, nl, pt, zh","ancora, aqmar, cnec2.0, conll, emerging, europeana, finer, germeval2014, harem, hipe, kind, nerkor, ontonotes, sonar"
PER,0.8675535846267554,0.9479890163140042,0.905989502933004,6191.0,,ner_study/corpora/ontonotes/zh_VALIDATION.feather,110.841655,zh,ontonotes,VALIDATION_zh,119229,6543,32872,"ar, ca, cs, de, en, es, fi, fr, hu, it, nl, pt, zh","ancora, aqmar, cnec2.0, conll, emerging, europeana, finer, germeval2014, harem, hipe, kind, nerkor, ontonotes, sonar"
overall,0.8033648232671691,0.8462570581986918,0.8242533148193525,,0.9711104778962794,ner_study/corpora/ontonotes/zh_VALIDATION.feather,110.841655,zh,ontonotes,VALIDATION_zh,119229,6543,32872,"ar, ca, cs, de, en, es, fi, fr, hu, it, nl, pt, zh","ancora, aqmar, cnec2.0, conll, emerging, europeana, finer, germeval2014, harem, hipe, kind, nerkor, ontonotes, sonar"
LOC,0.6199737187910644,0.6802191464821222,0.6487006737247353,3468.0,,ner_study/corpora/ontonotes/ar_VALIDATION.feather,22.049476,ar,ontonotes,VALIDATION_ar,36101,1220,32872,"ar, ca, cs, de, en, es, fi, fr, hu, it, nl, pt, zh","ancora, aqmar, cnec2.0, conll, emerging, europeana, finer, germeval2014, harem, hipe, kind, nerkor, ontonotes, sonar"
MISC,0.6097169243123871,0.7550969666832422,0.6746640008885927,4022.0,,ner_study/corpora/ontonotes/ar_VALIDATION.feather,22.049476,ar,ontonotes,VALIDATION_ar,36101,1220,32872,"ar, ca, cs, de, en, es, fi, fr, hu, it, nl, pt, zh","ancora, aqmar, cnec2.0, conll, emerging, europeana, finer, germeval2014, harem, hipe, kind, nerkor, ontonotes, sonar"
ORG,0.547976501305483,0.5125152625152625,0.5296529968454258,3276.0,,ner_study/corpora/ontonotes/ar_VALIDATION.feather,22.049476,ar,ontonotes,VALIDATION_ar,36101,1220,32872,"ar, ca, cs, de, en, es, fi, fr, hu, it, nl, pt, zh","ancora, aqmar, cnec2.0, conll, emerging, europeana, finer, germeval2014, harem, hipe, kind, nerkor, ontonotes, sonar"
PER,0.7199261992619926,0.8341171440786661,0.772826302238067,2339.0,,ner_study/corpora/ontonotes/ar_VALIDATION.feather,22.049476,ar,ontonotes,VALIDATION_ar,36101,1220,32872,"ar, ca, cs, de, en, es, fi, fr, hu, it, nl, pt, zh","ancora, aqmar, cnec2.0, conll, emerging, europeana, finer, germeval2014, harem, hipe, kind, nerkor, ontonotes, sonar"
overall,0.6199175824175824,0.6887447539107211,0.6525212362190493,,0.9253707601843064,ner_study/corpora/ontonotes/ar_VALIDATION.feather,22.049476,ar,ontonotes,VALIDATION_ar,36101,1220,32872,"ar, ca, cs, de, en, es, fi, fr, hu, it, nl, pt, zh","ancora, aqmar, cnec2.0, conll, emerging, europeana, finer, germeval2014, harem, hipe, kind, nerkor, ontonotes, sonar"
LOC,0.6456904264837459,0.6603294021960147,0.6529278713244534,29508.0,,ner_study/corpora/wikiann/wikiann-cs_validation.feather,422.738341,cs,wikiann,wikiann-cs.bio,216379,25000,32872,"ar, ca, cs, de, en, es, fi, fr, hu, it, nl, pt, zh","ancora, aqmar, cnec2.0, conll, emerging, europeana, finer, germeval2014, harem, hipe, kind, nerkor, ontonotes, sonar"
MISC,0.0,0.0,0.0,0.0,,ner_study/corpora/wikiann/wikiann-cs_validation.feather,422.738341,cs,wikiann,wikiann-cs.bio,216379,25000,32872,"ar, ca, cs, de, en, es, fi, fr, hu, it, nl, pt, zh","ancora, aqmar, cnec2.0, conll, emerging, europeana, finer, germeval2014, harem, hipe, kind, nerkor, ontonotes, sonar"
ORG,0.6993268511593119,0.3742058131972585,0.4875346260387812,19989.0,,ner_study/corpora/wikiann/wikiann-cs_validation.feather,422.738341,cs,wikiann,wikiann-cs.bio,216379,25000,32872,"ar, ca, cs, de, en, es, fi, fr, hu, it, nl, pt, zh","ancora, aqmar, cnec2.0, conll, emerging, europeana, finer, germeval2014, harem, hipe, kind, nerkor, ontonotes, sonar"
PER,0.815741717661954,0.8771157598584199,0.8453161899763841,22037.0,,ner_study/corpora/wikiann/wikiann-cs_validation.feather,422.738341,cs,wikiann,wikiann-cs.bio,216379,25000,32872,"ar, ca, cs, de, en, es, fi, fr, hu, it, nl, pt, zh","ancora, aqmar, cnec2.0, conll, emerging, europeana, finer, germeval2014, harem, hipe, kind, nerkor, ontonotes, sonar"
overall,0.6073893306043192,0.6471607906729667,0.6266446477881855,,0.8365453873224972,ner_study/corpora/wikiann/wikiann-cs_validation.feather,422.738341,cs,wikiann,wikiann-cs.bio,216379,25000,32872,"ar, ca, cs, de, en, es, fi, fr, hu, it, nl, pt, zh","ancora, aqmar, cnec2.0, conll, emerging, europeana, finer, germeval2014, harem, hipe, kind, nerkor, ontonotes, sonar"
LOC,0.6060879878014345,0.6068762723365755,0.6064818739227488,17684.0,,ner_study/corpora/wikiann/wikiann-it_validation.feather,421.968639,it,wikiann,wikiann-it.bio,204846,25000,32872,"ar, ca, cs, de, en, es, fi, fr, hu, it, nl, pt, zh","ancora, aqmar, cnec2.0, conll, emerging, europeana, finer, germeval2014, harem, hipe, kind, nerkor, ontonotes, sonar"
MISC,0.0,0.0,0.0,0.0,,ner_study/corpora/wikiann/wikiann-it_validation.feather,421.968639,it,wikiann,wikiann-it.bio,204846,25000,32872,"ar, ca, cs, de, en, es, fi, fr, hu, it, nl, pt, zh","ancora, aqmar, cnec2.0, conll, emerging, europeana, finer, germeval2014, harem, hipe, kind, nerkor, ontonotes, sonar"
ORG,0.4654426506278358,0.32678915394873315,0.38398258977149075,13498.0,,ner_study/corpora/wikiann/wikiann-it_validation.feather,421.968639,it,wikiann,wikiann-it.bio,204846,25000,32872,"ar, ca, cs, de, en, es, fi, fr, hu, it, nl, pt, zh","ancora, aqmar, cnec2.0, conll, emerging, europeana, finer, germeval2014, harem, hipe, kind, nerkor, ontonotes, sonar"
PER,0.8148767386432357,0.8354730469034941,0.8250463721658954,27418.0,,ner_study/corpora/wikiann/wikiann-it_validation.feather,421.968639,it,wikiann,wikiann-it.bio,204846,25000,32872,"ar, ca, cs, de, en, es, fi, fr, hu, it, nl, pt, zh","ancora, aqmar, cnec2.0, conll, emerging, europeana, finer, germeval2014, harem, hipe, kind, nerkor, ontonotes, sonar"
overall,0.6028677810346194,0.6493174061433447,0.6252310725876021,,0.8133224240511018,ner_study/corpora/wikiann/wikiann-it_validation.feather,421.968639,it,wikiann,wikiann-it.bio,204846,25000,32872,"ar, ca, cs, de, en, es, fi, fr, hu, it, nl, pt, zh","ancora, aqmar, cnec2.0, conll, emerging, europeana, finer, germeval2014, harem, hipe, kind, nerkor, ontonotes, sonar"
LOC,0.7510717806460487,0.8178391332567777,0.7830347646306631,40058.0,,ner_study/corpora/wikiann/wikiann-hu_validation.feather,421.85344,hu,wikiann,wikiann-hu.bio,225045,25000,32872,"ar, ca, cs, de, en, es, fi, fr, hu, it, nl, pt, zh","ancora, aqmar, cnec2.0, conll, emerging, europeana, finer, germeval2014, harem, hipe, kind, nerkor, ontonotes, sonar"
MISC,0.0,0.0,0.0,0.0,,ner_study/corpora/wikiann/wikiann-hu_validation.feather,421.85344,hu,wikiann,wikiann-hu.bio,225045,25000,32872,"ar, ca, cs, de, en, es, fi, fr, hu, it, nl, pt, zh","ancora, aqmar, cnec2.0, conll, emerging, europeana, finer, germeval2014, harem, hipe, kind, nerkor, ontonotes, sonar"
ORG,0.69376026272578,0.3675111449385669,0.48048901840926866,18394.0,,ner_study/corpora/wikiann/wikiann-hu_validation.feather,421.85344,hu,wikiann,wikiann-hu.bio,225045,25000,32872,"ar, ca, cs, de, en, es, fi, fr, hu, it, nl, pt, zh","ancora, aqmar, cnec2.0, conll, emerging, europeana, finer, germeval2014, harem, hipe, kind, nerkor, ontonotes, sonar"
PER,0.7938592477349684,0.803454823322373,0.7986282136856401,21593.0,,ner_study/corpora/wikiann/wikiann-hu_validation.feather,421.85344,hu,wikiann,wikiann-hu.bio,225045,25000,32872,"ar, ca, cs, de, en, es, fi, fr, hu, it, nl, pt, zh","ancora, aqmar, cnec2.0, conll, emerging, europeana, finer, germeval2014, harem, hipe, kind, nerkor, ontonotes, sonar"
overall,0.6722142764269926,0.7104753576113436,0.6908154464730392,,0.8469529136640545,ner_study/corpora/wikiann/wikiann-hu_validation.feather,421.85344,hu,wikiann,wikiann-hu.bio,225045,25000,32872,"ar, ca, cs, de, en, es, fi, fr, hu, it, nl, pt, zh","ancora, aqmar, cnec2.0, conll, emerging, europeana, finer, germeval2014, harem, hipe, kind, nerkor, ontonotes, sonar"
LOC,0.5822151224707135,0.6310746854438416,0.60566110895696,25989.0,,ner_study/corpora/wikiann/wikiann-pt_validation.feather,421.542031,pt,wikiann,wikiann-pt.bio,160570,25000,32872,"ar, ca, cs, de, en, es, fi, fr, hu, it, nl, pt, zh","ancora, aqmar, cnec2.0, conll, emerging, europeana, finer, germeval2014, harem, hipe, kind, nerkor, ontonotes, sonar"
MISC,0.0,0.0,0.0,0.0,,ner_study/corpora/wikiann/wikiann-pt_validation.feather,421.542031,pt,wikiann,wikiann-pt.bio,160570,25000,32872,"ar, ca, cs, de, en, es, fi, fr, hu, it, nl, pt, zh","ancora, aqmar, cnec2.0, conll, emerging, europeana, finer, germeval2014, harem, hipe, kind, nerkor, ontonotes, sonar"
ORG,0.5552513201642871,0.33997964193760855,0.4217328332157314,16701.0,,ner_study/corpora/wikiann/wikiann-pt_validation.feather,421.542031,pt,wikiann,wikiann-pt.bio,160570,25000,32872,"ar, ca, cs, de, en, es, fi, fr, hu, it, nl, pt, zh","ancora, aqmar, cnec2.0, conll, emerging, europeana, finer, germeval2014, harem, hipe, kind, nerkor, ontonotes, sonar"
PER,0.5967501414099862,0.7723793677204659,0.6733000696217221,15025.0,,ner_study/corpora/wikiann/wikiann-pt_validation.feather,421.542031,pt,wikiann,wikiann-pt.bio,160570,25000,32872,"ar, ca, cs, de, en, es, fi, fr, hu, it, nl, pt, zh","ancora, aqmar, cnec2.0, conll, emerging, europeana, finer, germeval2014, harem, hipe, kind, nerkor, ontonotes, sonar"
overall,0.49865284974093266,0.5836264402668284,0.5378038558256497,,0.6854128183819678,ner_study/corpora/wikiann/wikiann-pt_validation.feather,421.542031,pt,wikiann,wikiann-pt.bio,160570,25000,32872,"ar, ca, cs, de, en, es, fi, fr, hu, it, nl, pt, zh","ancora, aqmar, cnec2.0, conll, emerging, europeana, finer, germeval2014, harem, hipe, kind, nerkor, ontonotes, sonar"
LOC,0.6444091360476664,0.4717496874000407,0.5447250016788664,34389.0,,ner_study/corpora/wikiann/wikiann-ca_validation.feather,420.996001,ca,wikiann,wikiann-ca.bio,152634,25000,32872,"ar, ca, cs, de, en, es, fi, fr, hu, it, nl, pt, zh","ancora, aqmar, cnec2.0, conll, emerging, europeana, finer, germeval2014, harem, hipe, kind, nerkor, ontonotes, sonar"
MISC,0.0,0.0,0.0,0.0,,ner_study/corpora/wikiann/wikiann-ca_validation.feather,420.996001,ca,wikiann,wikiann-ca.bio,152634,25000,32872,"ar, ca, cs, de, en, es, fi, fr, hu, it, nl, pt, zh","ancora, aqmar, cnec2.0, conll, emerging, europeana, finer, germeval2014, harem, hipe, kind, nerkor, ontonotes, sonar"
ORG,0.43461849555136156,0.44612546125461255,0.4402968088496382,10840.0,,ner_study/corpora/wikiann/wikiann-ca_validation.feather,420.996001,ca,wikiann,wikiann-ca.bio,152634,25000,32872,"ar, ca, cs, de, en, es, fi, fr, hu, it, nl, pt, zh","ancora, aqmar, cnec2.0, conll, emerging, europeana, finer, germeval2014, harem, hipe, kind, nerkor, ontonotes, sonar"
PER,0.6714320476943667,0.7619080491509044,0.713814512999612,14486.0,,ner_study/corpora/wikiann/wikiann-ca_validation.feather,420.996001,ca,wikiann,wikiann-ca.bio,152634,25000,32872,"ar, ca, cs, de, en, es, fi, fr, hu, it, nl, pt, zh","ancora, aqmar, cnec2.0, conll, emerging, europeana, finer, germeval2014, harem, hipe, kind, nerkor, ontonotes, sonar"
overall,0.5172686102918661,0.5374863937034245,0.527183732466082,,0.6900442085222414,ner_study/corpora/wikiann/wikiann-ca_validation.feather,420.996001,ca,wikiann,wikiann-ca.bio,152634,25000,32872,"ar, ca, cs, de, en, es, fi, fr, hu, it, nl, pt, zh","ancora, aqmar, cnec2.0, conll, emerging, europeana, finer, germeval2014, harem, hipe, kind, nerkor, ontonotes, sonar"
LOC,0.6283634628005489,0.6744796669868716,0.650605386706202,31230.0,,ner_study/corpora/wikiann/wikiann-de_validation.feather,422.017884,de,wikiann,wikiann-de.bio,247528,25000,32872,"ar, ca, cs, de, en, es, fi, fr, hu, it, nl, pt, zh","ancora, aqmar, cnec2.0, conll, emerging, europeana, finer, germeval2014, harem, hipe, kind, nerkor, ontonotes, sonar"
MISC,0.0,0.0,0.0,0.0,,ner_study/corpora/wikiann/wikiann-de_validation.feather,422.017884,de,wikiann,wikiann-de.bio,247528,25000,32872,"ar, ca, cs, de, en, es, fi, fr, hu, it, nl, pt, zh","ancora, aqmar, cnec2.0, conll, emerging, europeana, finer, germeval2014, harem, hipe, kind, nerkor, ontonotes, sonar"
ORG,0.6935249709639953,0.3718522554781458,0.4841267830449213,25693.0,,ner_study/corpora/wikiann/wikiann-de_validation.feather,422.017884,de,wikiann,wikiann-de.bio,247528,25000,32872,"ar, ca, cs, de, en, es, fi, fr, hu, it, nl, pt, zh","ancora, aqmar, cnec2.0, conll, emerging, europeana, finer, germeval2014, harem, hipe, kind, nerkor, ontonotes, sonar"
PER,0.7734567102368319,0.7708628917838256,0.7721576227390181,15506.0,,ner_study/corpora/wikiann/wikiann-de_validation.feather,422.017884,de,wikiann,wikiann-de.bio,247528,25000,32872,"ar, ca, cs, de, en, es, fi, fr, hu, it, nl, pt, zh","ancora, aqmar, cnec2.0, conll, emerging, europeana, finer, germeval2014, harem, hipe, kind, nerkor, ontonotes, sonar"
overall,0.5838041689522765,0.5877618081155338,0.5857763039305396,,0.8423890345337715,ner_study/corpora/wikiann/wikiann-de_validation.feather,422.017884,de,wikiann,wikiann-de.bio,247528,25000,32872,"ar, ca, cs, de, en, es, fi, fr, hu, it, nl, pt, zh","ancora, aqmar, cnec2.0, conll, emerging, europeana, finer, germeval2014, harem, hipe, kind, nerkor, ontonotes, sonar"
LOC,0.2633857572009189,0.3244979045338268,0.2907654417323027,18373.0,,ner_study/corpora/wikiann/wikiann-zh_validation.feather,427.617181,zh,wikiann,wikiann-zh.bio,521445,25000,32872,"ar, ca, cs, de, en, es, fi, fr, hu, it, nl, pt, zh","ancora, aqmar, cnec2.0, conll, emerging, europeana, finer, germeval2014, harem, hipe, kind, nerkor, ontonotes, sonar"
MISC,0.0,0.0,0.0,0.0,,ner_study/corpora/wikiann/wikiann-zh_validation.feather,427.617181,zh,wikiann,wikiann-zh.bio,521445,25000,32872,"ar, ca, cs, de, en, es, fi, fr, hu, it, nl, pt, zh","ancora, aqmar, cnec2.0, conll, emerging, europeana, finer, germeval2014, harem, hipe, kind, nerkor, ontonotes, sonar"
ORG,0.24727722772277227,0.05051066841945596,0.0838861365353934,19778.0,,ner_study/corpora/wikiann/wikiann-zh_validation.feather,427.617181,zh,wikiann,wikiann-zh.bio,521445,25000,32872,"ar, ca, cs, de, en, es, fi, fr, hu, it, nl, pt, zh","ancora, aqmar, cnec2.0, conll, emerging, europeana, finer, germeval2014, harem, hipe, kind, nerkor, ontonotes, sonar"
PER,0.3494600978572634,0.42756876709500957,0.38458860392247884,19377.0,,ner_study/corpora/wikiann/wikiann-zh_validation.feather,427.617181,zh,wikiann,wikiann-zh.bio,521445,25000,32872,"ar, ca, cs, de, en, es, fi, fr, hu, it, nl, pt, zh","ancora, aqmar, cnec2.0, conll, emerging, europeana, finer, germeval2014, harem, hipe, kind, nerkor, ontonotes, sonar"
overall,0.29413693978739414,0.26501877346683356,0.2788196889201818,,0.7285365003375397,ner_study/corpora/wikiann/wikiann-zh_validation.feather,427.617181,zh,wikiann,wikiann-zh.bio,521445,25000,32872,"ar, ca, cs, de, en, es, fi, fr, hu, it, nl, pt, zh","ancora, aqmar, cnec2.0, conll, emerging, europeana, finer, germeval2014, harem, hipe, kind, nerkor, ontonotes, sonar"
LOC,0.5601242164586808,0.6580858754771798,0.6051662809301169,29601.0,,ner_study/corpora/wikiann/wikiann-fr_validation.feather,420.932533,fr,wikiann,wikiann-fr.bio,171850,25000,32872,"ar, ca, cs, de, en, es, fi, fr, hu, it, nl, pt, zh","ancora, aqmar, cnec2.0, conll, emerging, europeana, finer, germeval2014, harem, hipe, kind, nerkor, ontonotes, sonar"
MISC,0.0,0.0,0.0,0.0,,ner_study/corpora/wikiann/wikiann-fr_validation.feather,420.932533,fr,wikiann,wikiann-fr.bio,171850,25000,32872,"ar, ca, cs, de, en, es, fi, fr, hu, it, nl, pt, zh","ancora, aqmar, cnec2.0, conll, emerging, europeana, finer, germeval2014, harem, hipe, kind, nerkor, ontonotes, sonar"
ORG,0.5598448792526001,0.3240155070393797,0.41046849757673665,19604.0,,ner_study/corpora/wikiann/wikiann-fr_validation.feather,420.932533,fr,wikiann,wikiann-fr.bio,171850,25000,32872,"ar, ca, cs, de, en, es, fi, fr, hu, it, nl, pt, zh","ancora, aqmar, cnec2.0, conll, emerging, europeana, finer, germeval2014, harem, hipe, kind, nerkor, ontonotes, sonar"
PER,0.7181020935773306,0.7908223078211355,0.7527098831030818,17913.0,,ner_study/corpora/wikiann/wikiann-fr_validation.feather,420.932533,fr,wikiann,wikiann-fr.bio,171850,25000,32872,"ar, ca, cs, de, en, es, fi, fr, hu, it, nl, pt, zh","ancora, aqmar, cnec2.0, conll, emerging, europeana, finer, germeval2014, harem, hipe, kind, nerkor, ontonotes, sonar"
overall,0.5428241840265997,0.5959355165529366,0.5681413038074473,,0.6952133814917417,ner_study/corpora/wikiann/wikiann-fr_validation.feather,420.932533,fr,wikiann,wikiann-fr.bio,171850,25000,32872,"ar, ca, cs, de, en, es, fi, fr, hu, it, nl, pt, zh","ancora, aqmar, cnec2.0, conll, emerging, europeana, finer, germeval2014, harem, hipe, kind, nerkor, ontonotes, sonar"
LOC,0.8574739281575898,0.8380520951302378,0.847651775486827,883.0,,ner_study/corpora/cnec/named_ent_etest.feather,14.738798,cs,cnec2.0,named_ent_etest,20146,899,32872,"ar, ca, cs, de, en, es, fi, fr, hu, it, nl, pt, zh","ancora, aqmar, cnec2.0, conll, emerging, europeana, finer, germeval2014, harem, hipe, kind, nerkor, ontonotes, sonar"
MISC,0.7931960608773501,0.7401837928153717,0.7657735522904062,1197.0,,ner_study/corpora/cnec/named_ent_etest.feather,14.738798,cs,cnec2.0,named_ent_etest,20146,899,32872,"ar, ca, cs, de, en, es, fi, fr, hu, it, nl, pt, zh","ancora, aqmar, cnec2.0, conll, emerging, europeana, finer, germeval2014, harem, hipe, kind, nerkor, ontonotes, sonar"
ORG,0.7244094488188977,0.7807637906647807,0.7515316541865215,707.0,,ner_study/corpora/cnec/named_ent_etest.feather,14.738798,cs,cnec2.0,named_ent_etest,20146,899,32872,"ar, ca, cs, de, en, es, fi, fr, hu, it, nl, pt, zh","ancora, aqmar, cnec2.0, conll, emerging, europeana, finer, germeval2014, harem, hipe, kind, nerkor, ontonotes, sonar"
PER,0.8914873713751169,0.925242718446602,0.9080514530728918,1030.0,,ner_study/corpora/cnec/named_ent_etest.feather,14.738798,cs,cnec2.0,named_ent_etest,20146,899,32872,"ar, ca, cs, de, en, es, fi, fr, hu, it, nl, pt, zh","ancora, aqmar, cnec2.0, conll, emerging, europeana, finer, germeval2014, harem, hipe, kind, nerkor, ontonotes, sonar"
overall,0.8215691419574914,0.8202777050039298,0.8209229155742004,,0.9610126288958406,ner_study/corpora/cnec/named_ent_etest.feather,14.738798,cs,cnec2.0,named_ent_etest,20146,899,32872,"ar, ca, cs, de, en, es, fi, fr, hu, it, nl, pt, zh","ancora, aqmar, cnec2.0, conll, emerging, europeana, finer, germeval2014, harem, hipe, kind, nerkor, ontonotes, sonar"
LOC,0.6672082141928776,0.7491426486683692,0.7058055202282335,27410.0,,ner_study/corpora/wikiann/wikiann-nl_validation.feather,422.136946,nl,wikiann,wikiann-nl.bio,211184,25000,32872,"ar, ca, cs, de, en, es, fi, fr, hu, it, nl, pt, zh","ancora, aqmar, cnec2.0, conll, emerging, europeana, finer, germeval2014, harem, hipe, kind, nerkor, ontonotes, sonar"
MISC,0.0,0.0,0.0,0.0,,ner_study/corpora/wikiann/wikiann-nl_validation.feather,422.136946,nl,wikiann,wikiann-nl.bio,211184,25000,32872,"ar, ca, cs, de, en, es, fi, fr, hu, it, nl, pt, zh","ancora, aqmar, cnec2.0, conll, emerging, europeana, finer, germeval2014, harem, hipe, kind, nerkor, ontonotes, sonar"
ORG,0.6892152658662093,0.3570476507830723,0.4704031608985147,18006.0,,ner_study/corpora/wikiann/wikiann-nl_validation.feather,422.136946,nl,wikiann,wikiann-nl.bio,211184,25000,32872,"ar, ca, cs, de, en, es, fi, fr, hu, it, nl, pt, zh","ancora, aqmar, cnec2.0, conll, emerging, europeana, finer, germeval2014, harem, hipe, kind, nerkor, ontonotes, sonar"
PER,0.7874753688662469,0.7966645597316089,0.7920433122250687,20567.0,,ner_study/corpora/wikiann/wikiann-nl_validation.feather,422.136946,nl,wikiann,wikiann-nl.bio,211184,25000,32872,"ar, ca, cs, de, en, es, fi, fr, hu, it, nl, pt, zh","ancora, aqmar, cnec2.0, conll, emerging, europeana, finer, germeval2014, harem, hipe, kind, nerkor, ontonotes, sonar"
overall,0.5929877840248423,0.6569570950093205,0.623335538235886,,0.820093786492055,ner_study/corpora/wikiann/wikiann-nl_validation.feather,422.136946,nl,wikiann,wikiann-nl.bio,211184,25000,32872,"ar, ca, cs, de, en, es, fi, fr, hu, it, nl, pt, zh","ancora, aqmar, cnec2.0, conll, emerging, europeana, finer, germeval2014, harem, hipe, kind, nerkor, ontonotes, sonar"
LOC,0.5370465434633812,0.6395964948033421,0.5838526648683842,19628.0,,ner_study/corpora/wikiann/wikiann-es_validation.feather,420.492578,es,wikiann,wikiann-es.bio,161715,25000,32872,"ar, ca, cs, de, en, es, fi, fr, hu, it, nl, pt, zh","ancora, aqmar, cnec2.0, conll, emerging, europeana, finer, germeval2014, harem, hipe, kind, nerkor, ontonotes, sonar"
MISC,0.0,0.0,0.0,0.0,,ner_study/corpora/wikiann/wikiann-es_validation.feather,420.492578,es,wikiann,wikiann-es.bio,161715,25000,32872,"ar, ca, cs, de, en, es, fi, fr, hu, it, nl, pt, zh","ancora, aqmar, cnec2.0, conll, emerging, europeana, finer, germeval2014, harem, hipe, kind, nerkor, ontonotes, sonar"
ORG,0.5009883198562444,0.31797445255474455,0.38903230307681574,17536.0,,ner_study/corpora/wikiann/wikiann-es_validation.feather,420.492578,es,wikiann,wikiann-es.bio,161715,25000,32872,"ar, ca, cs, de, en, es, fi, fr, hu, it, nl, pt, zh","ancora, aqmar, cnec2.0, conll, emerging, europeana, finer, germeval2014, harem, hipe, kind, nerkor, ontonotes, sonar"
PER,0.6628386137945012,0.7671018685012899,0.7111690947307386,12791.0,,ner_study/corpora/wikiann/wikiann-es_validation.feather,420.492578,es,wikiann,wikiann-es.bio,161715,25000,32872,"ar, ca, cs, de, en, es, fi, fr, hu, it, nl, pt, zh","ancora, aqmar, cnec2.0, conll, emerging, europeana, finer, germeval2014, harem, hipe, kind, nerkor, ontonotes, sonar"
overall,0.48026813337916807,0.5593434090681614,0.5167984463864613,,0.7059452721004679,ner_study/corpora/wikiann/wikiann-es_validation.feather,420.492578,es,wikiann,wikiann-es.bio,161715,25000,32872,"ar, ca, cs, de, en, es, fi, fr, hu, it, nl, pt, zh","ancora, aqmar, cnec2.0, conll, emerging, europeana, finer, germeval2014, harem, hipe, kind, nerkor, ontonotes, sonar"
LOC,0.36402210380895994,0.5256857855361596,0.43016645774422063,14035.0,,ner_study/corpora/wikiann/wikiann-en_validation.feather,421.282534,en,wikiann,wikiann-en.bio,205018,25000,32872,"ar, ca, cs, de, en, es, fi, fr, hu, it, nl, pt, zh","ancora, aqmar, cnec2.0, conll, emerging, europeana, finer, germeval2014, harem, hipe, kind, nerkor, ontonotes, sonar"
MISC,0.0,0.0,0.0,0.0,,ner_study/corpora/wikiann/wikiann-en_validation.feather,421.282534,en,wikiann,wikiann-en.bio,205018,25000,32872,"ar, ca, cs, de, en, es, fi, fr, hu, it, nl, pt, zh","ancora, aqmar, cnec2.0, conll, emerging, europeana, finer, germeval2014, harem, hipe, kind, nerkor, ontonotes, sonar"
ORG,0.5621743525935142,0.26364929428498485,0.3589552609364914,27419.0,,ner_study/corpora/wikiann/wikiann-en_validation.feather,421.282534,en,wikiann,wikiann-en.bio,205018,25000,32872,"ar, ca, cs, de, en, es, fi, fr, hu, it, nl, pt, zh","ancora, aqmar, cnec2.0, conll, emerging, europeana, finer, germeval2014, harem, hipe, kind, nerkor, ontonotes, sonar"
PER,0.6533022533022533,0.7677603944725148,0.705921862756073,16427.0,,ner_study/corpora/wikiann/wikiann-en_validation.feather,421.282534,en,wikiann,wikiann-en.bio,205018,25000,32872,"ar, ca, cs, de, en, es, fi, fr, hu, it, nl, pt, zh","ancora, aqmar, cnec2.0, conll, emerging, europeana, finer, germeval2014, harem, hipe, kind, nerkor, ontonotes, sonar"
overall,0.42705849127651563,0.4702579430210259,0.4476183428303609,,0.6759388315218291,ner_study/corpora/wikiann/wikiann-en_validation.feather,421.282534,en,wikiann,wikiann-en.bio,205018,25000,32872,"ar, ca, cs, de, en, es, fi, fr, hu, it, nl, pt, zh","ancora, aqmar, cnec2.0, conll, emerging, europeana, finer, germeval2014, harem, hipe, kind, nerkor, ontonotes, sonar"
LOC,0.7564389697648376,0.7621357854060306,0.7592766920039903,35453.0,,ner_study/corpora/wikiann/wikiann-fi_validation.feather,422.536146,fi,wikiann,wikiann-fi.bio,208477,25000,32872,"ar, ca, cs, de, en, es, fi, fr, hu, it, nl, pt, zh","ancora, aqmar, cnec2.0, conll, emerging, europeana, finer, germeval2014, harem, hipe, kind, nerkor, ontonotes, sonar"
MISC,0.0,0.0,0.0,0.0,,ner_study/corpora/wikiann/wikiann-fi_validation.feather,422.536146,fi,wikiann,wikiann-fi.bio,208477,25000,32872,"ar, ca, cs, de, en, es, fi, fr, hu, it, nl, pt, zh","ancora, aqmar, cnec2.0, conll, emerging, europeana, finer, germeval2014, harem, hipe, kind, nerkor, ontonotes, sonar"
ORG,0.6286853724540664,0.39717460745939626,0.4868069149962778,22227.0,,ner_study/corpora/wikiann/wikiann-fi_validation.feather,422.536146,fi,wikiann,wikiann-fi.bio,208477,25000,32872,"ar, ca, cs, de, en, es, fi, fr, hu, it, nl, pt, zh","ancora, aqmar, cnec2.0, conll, emerging, europeana, finer, germeval2014, harem, hipe, kind, nerkor, ontonotes, sonar"
PER,0.7536071523413296,0.8373248094418491,0.7932632952083672,20335.0,,ner_study/corpora/wikiann/wikiann-fi_validation.feather,422.536146,fi,wikiann,wikiann-fi.bio,208477,25000,32872,"ar, ca, cs, de, en, es, fi, fr, hu, it, nl, pt, zh","ancora, aqmar, cnec2.0, conll, emerging, europeana, finer, germeval2014, harem, hipe, kind, nerkor, ontonotes, sonar"
overall,0.6352801239922625,0.677754278023457,0.6558302221450455,,0.8441074594707823,ner_study/corpora/wikiann/wikiann-fi_validation.feather,422.536146,fi,wikiann,wikiann-fi.bio,208477,25000,32872,"ar, ca, cs, de, en, es, fi, fr, hu, it, nl, pt, zh","ancora, aqmar, cnec2.0, conll, emerging, europeana, finer, germeval2014, harem, hipe, kind, nerkor, ontonotes, sonar"
LOC,0.29345904537418976,0.3789405029349953,0.3307661896101842,27598.0,,ner_study/corpora/wikiann/wikiann-ar_validation.feather,421.73161,ar,wikiann,wikiann-ar.bio,161749,25000,32872,"ar, ca, cs, de, en, es, fi, fr, hu, it, nl, pt, zh","ancora, aqmar, cnec2.0, conll, emerging, europeana, finer, germeval2014, harem, hipe, kind, nerkor, ontonotes, sonar"
MISC,0.0,0.0,0.0,0.0,,ner_study/corpora/wikiann/wikiann-ar_validation.feather,421.73161,ar,wikiann,wikiann-ar.bio,161749,25000,32872,"ar, ca, cs, de, en, es, fi, fr, hu, it, nl, pt, zh","ancora, aqmar, cnec2.0, conll, emerging, europeana, finer, germeval2014, harem, hipe, kind, nerkor, ontonotes, sonar"
ORG,0.3533081834010447,0.17490303117368194,0.23397713077736138,13922.0,,ner_study/corpora/wikiann/wikiann-ar_validation.feather,421.73161,ar,wikiann,wikiann-ar.bio,161749,25000,32872,"ar, ca, cs, de, en, es, fi, fr, hu, it, nl, pt, zh","ancora, aqmar, cnec2.0, conll, emerging, europeana, finer, germeval2014, harem, hipe, kind, nerkor, ontonotes, sonar"
PER,0.482811698306824,0.6230871100647439,0.5440529341855909,13592.0,,ner_study/corpora/wikiann/wikiann-ar_validation.feather,421.73161,ar,wikiann,wikiann-ar.bio,161749,25000,32872,"ar, ca, cs, de, en, es, fi, fr, hu, it, nl, pt, zh","ancora, aqmar, cnec2.0, conll, emerging, europeana, finer, germeval2014, harem, hipe, kind, nerkor, ontonotes, sonar"
overall,0.30864589955499044,0.38761068369865004,0.3436504616968566,,0.5881384559468069,ner_study/corpora/wikiann/wikiann-ar_validation.feather,421.73161,ar,wikiann,wikiann-ar.bio,161749,25000,32872,"ar, ca, cs, de, en, es, fi, fr, hu, it, nl, pt, zh","ancora, aqmar, cnec2.0, conll, emerging, europeana, finer, germeval2014, harem, hipe, kind, nerkor, ontonotes, sonar"
LOC,0.8507462686567164,0.890625,0.8702290076335878,384.0,,ner_study/corpora/aqmar/aqmar_validation.feather,6.576946,ar,aqmar,aqmar,10417,404,32872,"ar, ca, cs, de, en, es, fi, fr, hu, it, nl, pt, zh","ancora, aqmar, cnec2.0, conll, emerging, europeana, finer, germeval2014, harem, hipe, kind, nerkor, ontonotes, sonar"
MISC,0.782312925170068,0.7844474761255116,0.7833787465940054,733.0,,ner_study/corpora/aqmar/aqmar_validation.feather,6.576946,ar,aqmar,aqmar,10417,404,32872,"ar, ca, cs, de, en, es, fi, fr, hu, it, nl, pt, zh","ancora, aqmar, cnec2.0, conll, emerging, europeana, finer, germeval2014, harem, hipe, kind, nerkor, ontonotes, sonar"
ORG,0.706766917293233,0.734375,0.7203065134099617,128.0,,ner_study/corpora/aqmar/aqmar_validation.feather,6.576946,ar,aqmar,aqmar,10417,404,32872,"ar, ca, cs, de, en, es, fi, fr, hu, it, nl, pt, zh","ancora, aqmar, cnec2.0, conll, emerging, europeana, finer, germeval2014, harem, hipe, kind, nerkor, ontonotes, sonar"
PER,0.8638059701492538,0.8921001926782274,0.8777251184834123,519.0,,ner_study/corpora/aqmar/aqmar_validation.feather,6.576946,ar,aqmar,aqmar,10417,404,32872,"ar, ca, cs, de, en, es, fi, fr, hu, it, nl, pt, zh","ancora, aqmar, cnec2.0, conll, emerging, europeana, finer, germeval2014, harem, hipe, kind, nerkor, ontonotes, sonar"
overall,0.8161683277962348,0.8356009070294784,0.8257703081232493,,0.9528932652565038,ner_study/corpora/aqmar/aqmar_validation.feather,6.576946,ar,aqmar,aqmar,10417,404,32872,"ar, ca, cs, de, en, es, fi, fr, hu, it, nl, pt, zh","ancora, aqmar, cnec2.0, conll, emerging, europeana, finer, germeval2014, harem, hipe, kind, nerkor, ontonotes, sonar"
